sat_date,fecha,SENSOR,delta_days,lat,lon,latitud,longitud,concentracion,unidades,b2,b3,b4,b5,weight,station,TSS_scenA,TSS_scenB,TSS_scenC,TSS_scenD
03/12/2023,04/12/2023 09:59,LANDSAT,1.415972222,10.73208046,-74.42758179,10.73208,-74.42758,0.79,mg/L,0.00361,0.0122175,0.01274,0.0175525,0.24268955059432853,"10.732,-74.428",13.670510112877215,18.88775045975008,25.408097858054635,53.354139745150555
17/07/2019,15/07/2019 11:25,LANDSAT,1.524305556,10.8569603,-74.41130066,10.85696,-74.4113,2.0,mg/L,0.003885,0.028635,0.0171675,0.0099625,0.2177722349887415,"10.857,-74.411",18.739943964145176,26.738139675499756,33.29554269108711,9.451245469760869
16/12/2022,15/12/2022 09:21,LANDSAT,0.610416667,10.73208046,-74.42758179,10.73208,-74.42758,2.6,mg/L,0.003335,0.00856,0.018735,0.0040225,0.5431245198573345,"10.732,-74.428",20.576995838327473,29.470864123248823,38.24453656579532,9.25606102051315
05/12/2018,03/12/2018 08:50,LANDSAT,1.631944444,10.8740797,-74.33000183,10.87408,-74.33,2.93,mg/L,0.0046,0.008945,0.01549,0.006305,0.19554897019351067,"10.874,-74.33",16.798730992200536,22.029006393840195,29.537951483579842,3.9204852978997264
16/12/2022,15/12/2022 08:59,LANDSAT,0.625694444,10.77441025,-74.37545013,10.77441,-74.37545,3.64,mg/L,0.0039675,0.0094125,0.01197,0.0049025,0.5348898484672255,"10.774,-74.375",12.80641079508479,16.70442975435712,23.503109102905082,6.757659911156443
05/12/2018,03/12/2018 09:55,LANDSAT,1.586805556,10.73208046,-74.42758179,10.73208,-74.42758,6.0,mg/L,0.0146375,0.020605,0.02077,0.016205,0.20457808226650961,"10.732,-74.428",22.995976595491822,33.36318753465611,42.740469730490304,65.79729741873757
16/12/2022,15/12/2022 08:21,LANDSAT,0.652083333,10.8740797,-74.33000183,10.87408,-74.33,7.7,mg/L,0.0056725,0.0106775,0.0148025,0.005645,0.5209593136919243,"10.874,-74.33",16.010433494906103,20.896541531071424,28.15185313838215,4.708936376694309
05/12/2018,03/12/2018 09:57,LANDSAT,1.585416667,10.73208046,-74.42758179,10.73208,-74.42758,9.8,mg/L,0.0146375,0.020605,0.02077,0.016205,0.20486241592284754,"10.732,-74.428",22.995976595491822,33.36318753465611,42.740469730490304,65.79729741873757
05/12/2018,03/12/2018 09:30,LANDSAT,1.604166667,10.77441025,-74.37545013,10.77441,-74.37545,10.4,mg/L,0.0113925,0.0282775,0.0242075,0.0083675,0.20105703257833588,"10.774,-74.375",27.17189974396819,38.58539292762399,49.86753388082729,21.413189602464797
16/12/2022,15/12/2022 10:00,LANDSAT,0.583333333,10.8569603,-74.41130066,10.85696,-74.4113,11.3,mg/L,0.01483,0.0335575,0.0251425,0.00526,0.5580351459560587,"10.857,-74.411",28.327772443889017,42.23536821348233,50.33038298051984,15.467971997020369
05/12/2018,03/12/2018 08:51,LANDSAT,1.63125,10.8740797,-74.33000183,10.87408,-74.33,11.5,mg/L,0.0046,0.008945,0.01549,0.006305,0.19568481516547126,"10.874,-74.33",16.798730992200536,22.029006393840195,29.537951483579842,3.9204852978997264
14/07/2018,16/07/2018 10:50,LANDSAT,2.451388889,10.8569603,-74.41130066,10.85696,-74.4113,11.6,mg/L,0.027645,0.0419175,0.0281675,0.0151325,0.0861738174785018,"10.857,-74.411",32.12779652903187,48.770137693954844,57.081943411869524,32.3613909520956
06/07/2021,06/07/2021 11:08,LANDSAT,0.463888889,10.8569603,-74.41130066,10.85696,-74.4113,12.4,mg/L,0.0079275,0.0300925,0.01736,0.005865,0.6288334208957913,"10.857,-74.411",18.964334333958725,27.085575502922577,33.69422046471814,4.181370364795352
19/11/2024,19/11/2024 11:14,LANDSAT,0.468055556,10.8569603,-74.41130066,10.85696,-74.4113,14.2,mg/L,0.0091375,0.01879,0.0155725,0.004655,0.6262187324832338,"10.857,-74.411",16.89360942057816,23.905707791803305,30.01513210208092,12.295753957301532
12/06/2018,12/06/2018 10:30,LANDSAT,0.4375,10.8569603,-74.41130066,10.85696,-74.4113,14.3,mg/L,0.003115,0.01483,0.0333375,0.0274525,0.645648526427892,"10.857,-74.411",38.844273344103385,60.919410137035314,69.01520964563073,65.58409251040557
03/12/2023,04/12/2023 09:40,LANDSAT,1.402777778,10.77441025,-74.37545013,10.77441,-74.37545,15.0,mg/L,0.01494,0.030285,0.0250875,0.015325,0.24591292281733704,"10.774,-74.375",28.25953877777218,40.401139037272,51.863635621205994,24.755000669042367
12/06/2018,12/06/2018 09:30,LANDSAT,0.395833333,10.77441025,-74.37545013,10.77441,-74.37545,15.8,mg/L,0.0087525,0.0245925,0.0134825,0.007955,0.6731188732922502,"10.774,-74.375",14.508601218631782,19.109165885038347,26.627073176734427,11.585012302370169
06/03/2023,07/03/2023 10:05,LANDSAT,1.420138889,10.8569603,-74.41130066,10.85696,-74.4113,16.2,mg/L,0.02473,0.0479675,0.0446125,0.01516,0.24168044781018605,"10.857,-74.411",54.54568646579538,92.72582784391415,96.91214850008677,40.518515380526864
05/12/2018,03/12/2018 09:31,LANDSAT,1.603472222,10.77441025,-74.37545013,10.77441,-74.37545,17.7,mg/L,0.0204675,0.0335025,0.0288275,0.01186,0.20119670412081384,"10.774,-74.375",32.96939499739128,48.55578396086523,60.50745209406113,33.676458799405246
05/12/2018,03/12/2018 10:42,LANDSAT,1.554166667,10.8569603,-74.41130066,10.85696,-74.4113,19.4,mg/L,0.02198,0.04002,0.02649,0.0091925,0.21136544707273713,"10.857,-74.411",30.009000705281508,45.09756241952719,53.317446733632245,16.14113541166191
05/12/2018,03/12/2018 10:40,LANDSAT,1.555555556,10.8569603,-74.41130066,10.85696,-74.4113,19.8,mg/L,0.02198,0.04002,0.02649,0.0091925,0.21107208769728036,"10.857,-74.411",30.009000705281508,45.09756241952719,53.317446733632245,16.14113541166191
03/12/2023,04/12/2023 08:59,LANDSAT,1.374305556,10.8740797,-74.33000183,10.87408,-74.33,20.3,mg/L,0.0032525,0.0094125,0.016865,0.0100175,0.2530152397253902,"10.874,-74.33",18.388011445959393,24.345008629233718,32.3324535777396,1.8905194604459872
04/04/2022,04/04/2022 09:28,LANDSAT,0.394444444,10.77441025,-74.37545013,10.77441,-74.37545,23.1,mg/L,0.0198625,0.05267,0.0378475,0.00867,0.674054410219143,"10.774,-74.375",44.94430928500866,71.68766922946045,82.48454790203179,28.19006327061784
12/06/2018,12/06/2018 09:50,LANDSAT,0.409722222,10.73208046,-74.42758179,10.73208,-74.42758,25.6,mg/L,0.02121,0.0392775,0.0162875,0.0135375,0.663834623181704,"10.732,-74.428",17.718441628959273,24.99798868799963,32.93160936085031,84.83795837871833
14/05/2019,13/05/2019 11:15,LANDSAT,0.53125,10.8569603,-74.41130066,10.85696,-74.4113,26.1,mg/L,0.02,0.0273425,0.0393875,0.0397725,0.5878696731223465,"10.857,-74.411",47.08114534081797,76.96446761823971,83.64978506017573,47.48648418214496
04/04/2022,04/04/2022 11:17,LANDSAT,0.470138889,10.8569603,-74.41130066,10.85696,-74.4113,27.8,mg/L,0.0125475,0.037655,0.0287175,0.02726,0.6249154683705773,"10.857,-74.411",32.828813035697856,50.0016462401943,58.32745007237563,55.173644610441094
26/02/2020,25/02/2020 08:56,LANDSAT,0.627777778,10.8740797,-74.33000183,10.87408,-74.33,28.2,mg/L,0.0187075,0.03595,0.0260225,0.0327875,0.5337766542399812,"10.874,-74.33",29.42364082895895,41.74336005676601,51.73688867805481,56.82023621064415
26/02/2020,25/02/2020 10:22,LANDSAT,0.568055556,10.73208046,-74.42758179,10.73208,-74.42758,28.6,mg/L,0.007515,0.033365,0.023355,0.0222,0.5666261410258806,"10.732,-74.428",26.125555756569074,38.55151608424313,48.5571256506141,41.07792070464817
09/08/2016,08/08/2016 14:40,LANDSAT,0.388888889,10.73208046,-74.42758179,10.73208,-74.42758,31.0,mg/L,0.00779,0.0078175,0.0451625,0.023465,0.6778095779301381,"10.732,-74.428",55.35132636079592,97.1908979053565,102.87633051991682,76.64538394651916
14/07/2024,15/07/2024 10:47,LANDSAT,1.449305556,10.8569603,-74.41130066,10.85696,-74.4113,31.4,mg/L,0.0183225,0.0301475,0.0440625,0.04222,0.23473324059708806,"10.857,-74.411",53.7439141345262,90.97283227707292,95.48762743773031,66.3036415475795
26/02/2020,25/02/2020 11:02,LANDSAT,0.540277778,10.8569603,-74.41130066,10.85696,-74.4113,32.0,mg/L,0.02132,0.03925,0.02429,0.0120525,0.5825864002104676,"10.857,-74.411",27.273539206942267,40.46350736570482,48.457310797685025,29.214419204143816
12/06/2018,12/06/2018 08:40,LANDSAT,0.361111111,10.8740797,-74.33000183,10.87408,-74.33,32.5,mg/L,0.0122725,0.024455,0.02297,0.026985,0.6969015607355457,"10.874,-74.33",25.65535024577389,35.529135997830345,45.110936725265645,29.37493647778758
03/12/2023,04/12/2023 10:57,LANDSAT,1.45625,10.8569603,-74.41130066,10.85696,-74.4113,33.3,mg/L,0.0189,0.0333375,0.02297,0.011915,0.23310879571435622,"10.857,-74.411",25.65535024577389,37.77746333854454,45.58224992546937,30.616013513430175
02/10/2024,30/09/2024 08:11,LANDSAT,1.659027778,10.8569603,-74.41130066,10.85696,-74.4113,36.2,mg/L,0.0148575,0.0242075,0.03969,0.003335,0.19032392729132824,"10.857,-74.411",47.50419289966169,77.82531950202836,84.40142007481565,11.930657444330572
09/08/2016,08/08/2016 15:47,LANDSAT,0.342361111,10.8740797,-74.33000183,10.87408,-74.33,41.8,mg/L,0.00658,0.0332,0.0238775,0.0244275,0.7100917364681649,"10.874,-74.33",26.76601453539091,37.32968503786571,47.063866855314394,36.31225427224489
21/02/2024,19/02/2024 09:04,LANDSAT,1.622222222,10.8740797,-74.33000183,10.87408,-74.33,42.8,mg/L,0.02759,0.02946,0.03199,0.021045,0.1974594125176516,"10.874,-74.33",37.0659606318146,55.32727910395523,65.17471750355118,62.114897025300614
04/04/2022,04/04/2022 08:24,LANDSAT,0.35,10.8740797,-74.33000183,10.87408,-74.33,44.4,mg/L,0.0107875,0.0550625,0.0390025,0.01901,0.7046880897187134,"10.874,-74.33",46.54430174959169,74.27853692119172,81.8409037893907,55.27606809437009
11/03/2019,11/03/2019 12:20,LANDSAT,0.513888889,10.8569603,-74.41130066,10.85696,-74.4113,45.0,mg/L,0.02374,0.0508,0.0278925,0.0073775,0.5981648530655188,"10.857,-74.411",31.778467079074222,48.15952682509924,56.461284479453695,13.71896544714247
21/02/2024,19/02/2024 10:42,LANDSAT,1.554166667,10.73208046,-74.42758179,10.73208,-74.42758,46.7,mg/L,0.019175,0.0492875,0.0310825,0.0392225,0.21136544707273713,"10.732,-74.428",35.879475861926544,55.9237250984452,66.68582417687625,76.59307258950227
09/08/2016,08/08/2016 15:45,LANDSAT,0.34375,10.8740797,-74.33000183,10.87408,-74.33,47.0,mg/L,0.0140875,0.037215,0.02814,0.02781,0.7091061824373984,"10.874,-74.33",32.09282830327267,46.332046634061484,56.43023903609455,45.46356822901323
26/02/2020,25/02/2020 09:46,LANDSAT,0.593055556,10.77441025,-74.37545013,10.77441,-74.37545,47.4,mg/L,0.017525,0.041285,0.0282225,0.02165,0.5526360917569052,"10.774,-74.375",32.19775653274281,47.18625067292556,59.09129394383281,44.502636811740274
15/02/2022,15/02/2022 09:00,LANDSAT,0.375,10.77441025,-74.37545013,10.77441,-74.37545,48.4,mg/L,0.0064425,0.0418075,0.03133,0.0236025,0.6872892787909722,"10.774,-74.375",36.20217963368752,54.44365354994097,66.4404563704996,30.25154780166392
15/02/2022,15/02/2022 10:09,LANDSAT,0.422916667,10.8569603,-74.41130066,10.85696,-74.4113,52.0,mg/L,0.0173325,0.0399925,0.041835,0.0293775,0.6551332250541629,"10.857,-74.411",50.53571804724137,84.10567184374698,89.7875767871016,72.25962383828409
04/04/2022,04/04/2022 11:19,LANDSAT,0.471527778,10.8569603,-74.41130066,10.85696,-74.4113,55.0,mg/L,0.0125475,0.037655,0.0287175,0.02726,0.6240481326066036,"10.857,-74.411",32.828813035697856,50.0016462401943,58.32745007237563,55.173644610441094
15/02/2022,15/02/2022 09:29,LANDSAT,0.395138889,10.73208046,-74.42758179,10.73208,-74.42758,62.4,mg/L,0.00988,0.0341075,0.0313025,0.02539,0.6735864789992916,"10.732,-74.428",36.16629104889467,56.464194655802466,67.21890072467808,35.05872151806892
26/02/2020,25/02/2020 09:44,LANDSAT,0.594444444,10.77441025,-74.37545013,10.77441,-74.37545,63.1,mg/L,0.0106225,0.0365825,0.02253,0.016205,0.551869074894254,"10.774,-74.375",25.1197411257829,35.225010573448266,46.10128675105478,29.69467120950644
15/02/2022,15/02/2022 10:12,LANDSAT,0.425,10.8569603,-74.41130066,10.85696,-74.4113,63.6,mg/L,0.0173325,0.0399925,0.041835,0.0293775,0.6537697851298473,"10.857,-74.411",50.53571804724137,84.10567184374698,89.7875767871016,72.25962383828409
09/08/2016,08/08/2016 14:42,LANDSAT,0.3875,10.73208046,-74.42758179,10.73208,-74.42758,64.7,mg/L,0.03529,0.0353175,0.0451625,0.050965,0.6787516342514144,"10.732,-74.428",55.35132636079592,97.1908979053565,102.87633051991682,89.60580583153315
27/01/2015,26/01/2015 12:16,LANDSAT,0.488888889,10.8569603,-74.41130066,10.85696,-74.4113,66.0,mg/L,0.03078,0.0421375,0.0327875,0.02121,0.6133074684143497,"10.857,-74.411",38.11602364685696,59.56332374086594,67.72131736234364,67.03550337749255
04/04/2022,01/04/2022 03:50,LANDSAT,2.840277778,10.8569603,-74.41130066,10.85696,-74.4113,66.0,mg/L,0.0290475,0.037655,0.0287175,0.02451,0.058409438853732065,"10.857,-74.411",32.828813035697856,50.0016462401943,58.32745007237563,53.64322591496804
15/02/2022,15/02/2022 08:07,LANDSAT,0.338194444,10.8740797,-74.33000183,10.87408,-74.33,66.1,mg/L,0.028525,0.043155,0.03452,0.027865,0.7130566248352593,"10.874,-74.33",40.42137536450478,61.74937144313244,71.07469159251708,96.50066749528777
22/01/2019,21/01/2019 13:00,LANDSAT,0.458333333,10.8569603,-74.41130066,10.85696,-74.4113,75.3,mg/L,0.0310825,0.04222,0.0414775,0.0159575,0.6323366623970287,"10.857,-74.411",50.02656634120554,83.03698139827934,88.8829592281062,37.02215853684812
26/02/2020,25/02/2020 08:59,LANDSAT,0.625694444,10.8740797,-74.33000183,10.87408,-74.33,75.8,mg/L,0.03089,0.0561075,0.04805,0.0287725,0.5348898484672255,"10.874,-74.33",59.64551179213857,105.24350087913346,104.87734069600052,138.23508122032453
26/02/2020,25/02/2020 11:04,LANDSAT,0.538888889,10.8569603,-74.41130066,10.85696,-74.4113,78.9,mg/L,0.02132,0.03925,0.02429,0.0120525,0.5833961102217717,"10.857,-74.411",27.273539206942267,40.46350736570482,48.457310797685025,29.214419204143816
21/02/2024,19/02/2024 10:09,LANDSAT,1.577083333,10.77441025,-74.37545013,10.77441,-74.37545,80.2,mg/L,0.01505,0.042935,0.0236025,0.0449975,0.20657673593859308,"10.774,-74.375",26.42859671671391,37.358455246092966,48.503378660007556,63.52186108576271
21/02/2024,19/02/2024 11:36,LANDSAT,1.516666667,10.8569603,-74.41130066,10.85696,-74.4113,82.9,mg/L,0.0275075,0.0242075,0.045135,0.0227225,0.21944214291947925,"10.857,-74.411",55.310952079451035,94.41308224931791,98.27180752352055,37.22688291958377
26/02/2020,25/02/2020 10:24,LANDSAT,0.566666667,10.73208046,-74.42758179,10.73208,-74.42758,87.1,mg/L,0.018515,0.033365,0.023355,0.0222,0.5674136686078659,"10.732,-74.428",26.125555756569074,38.55151608424313,48.5571256506141,43.043809473801055
16/01/2017,16/01/2017 14:15,LANDSAT,0.59375,10.8569603,-74.41130066,10.85696,-74.4113,89.9,mg/L,0.02418,0.043375,0.0287725,0.01274,0.5522524501630204,"10.857,-74.411",32.8990881999775,50.125558242513094,58.45230902269442,21.638623322026373
15/02/2022,15/02/2022 09:05,LANDSAT,0.378472222,10.77441025,-74.37545013,10.77441,-74.37545,96.1,mg/L,0.0094125,0.0432925,0.0328975,0.0248675,0.6849069961373742,"10.774,-74.375",38.26140689755621,58.32564247170707,70.2196763115746,104.55175730772231
05/03/2017,06/03/2017 13:45,LANDSAT,1.572916667,10.8569603,-74.41130066,10.85696,-74.4113,104.5,mg/L,0.0119425,0.04629,0.0270675,0.03309,0.20743926789403036,"10.857,-74.411",30.735162333296092,46.34792697933015,54.607629112643,56.76415581323169
09/08/2016,08/08/2016 15:15,LANDSAT,0.364583333,10.77441025,-74.37545013,10.77441,-74.37545,105.0,mg/L,0.0089725,0.03518,0.0470875,0.021265,0.694485959982503,"10.774,-74.375",58.20193052131128,102.23130629617772,106.81574602987922,134.9628868160595
15/02/2022,15/02/2022 08:10,LANDSAT,0.340277778,10.8740797,-74.33000183,10.87408,-74.33,113.0,mg/L,0.013675,0.0447225,0.0366375,0.03012,0.7115726360836697,"10.874,-74.33",43.28488410039631,67.47281448892282,76.10972561698247,88.89277366331446
15/02/2016,15/02/2016 14:55,LANDSAT,0.621527778,10.8569603,-74.41130066,10.85696,-74.4113,118.0,mg/L,0.0231075,0.0472525,0.0303125,0.0180475,0.5371232054076659,"10.857,-74.411",34.87971437393855,53.652531746243525,61.97131758837521,38.39707382393774
09/08/2016,08/08/2016 15:17,LANDSAT,0.363194444,10.77441025,-74.37545013,10.77441,-74.37545,130.0,mg/L,0.0195325,0.0353175,0.02011,0.02253,0.6954511940392967,"10.774,-74.375",22.207180038721404,30.597546285357307,40.75597633634002,52.65516029616094
09/08/2016,08/08/2016 13:20,LANDSAT,0.444444444,10.8569603,-74.41130066,10.85696,-74.4113,136.0,mg/L,0.0167825,0.0369675,0.0479125,0.0229425,0.6411803887149237,"10.857,-74.411",59.43853069966154,103.75803456088886,105.60533906571618,95.9836198934233
04/04/2022,04/04/2022 09:30,LANDSAT,0.395833333,10.77441025,-74.37545013,10.77441,-74.37545,138.0,mg/L,0.039745,0.0493975,0.0616625,0.060975,0.6731188732922502,"10.774,-74.375",81.4685693316788,174.0121403814766,149.51610596428287,191.52938411942515
09/08/2016,08/08/2016 13:22,LANDSAT,0.443055556,10.8569603,-74.41130066,10.85696,-74.4113,146.0,mg/L,0.0233825,0.0369675,0.0479125,0.0229425,0.6420715351707019,"10.857,-74.411",59.43853069966154,103.75803456088886,105.60533906571618,94.17502423941654
04/04/2022,04/04/2022 10:01,LANDSAT,0.417361111,10.73208046,-74.42758179,10.73208,-74.42758,149.0,mg/L,0.02308,0.0449425,0.04684,0.0360325,0.6587829832040714,"10.732,-74.428",57.83270818165754,103.21232033493827,107.48824270220337,127.70197755763242
15/02/2016,15/02/2016 15:22,LANDSAT,0.640277778,10.8740797,-74.33000183,10.87408,-74.33,157.0,mg/L,0.02803,0.0473075,0.0471425,0.0349875,0.5271459741493038,"10.874,-74.33",58.28408972495935,101.72441146496583,102.48349207804922,148.70330303427747
15/02/2016,15/02/2016 15:25,LANDSAT,0.642361111,10.8740797,-74.33000183,10.87408,-74.33,159.0,mg/L,0.0424125,0.0418075,0.0594625,0.032705,0.5260488967311373,"10.874,-74.33",77.75328880051465,160.65559687372627,136.71704567116964,159.38277764824556
09/05/2023,09/05/2023 10:10,LANDSAT,0.423611111,10.8569603,-74.41130066,10.85696,-74.4113,168.0,mg/L,0.04431,0.048765,0.0555025,0.056355,0.6546784296500705,"10.857,-74.411",71.25501445354219,133.01541999407357,126.59986498525069,155.03317170267448
16/03/2015,16/03/2015 14:30,LANDSAT,0.604166667,10.8569603,-74.41130066,10.85696,-74.4113,224.0,mg/L,0.047445,0.0641925,0.06851,0.0636425,0.5465296781415887,"10.857,-74.411",93.5435118276418,200.9164107339301,166.20017634473922,181.30713893697285
15/02/2016,15/02/2016 14:59,LANDSAT,0.624305556,10.8569603,-74.41130066,10.85696,-74.4113,231.0,mg/L,0.0533575,0.0747525,0.0633125,0.0730475,0.5356332667019109,"10.857,-74.411",84.30614221904591,170.4396681302498,149.78800164748233,219.41701570465548
04/04/2022,04/04/2022 08:26,LANDSAT,0.351388889,10.8740797,-74.33000183,10.87408,-74.33,232.0,mg/L,0.0585275,0.06884,0.071205,0.072855,0.7037100355440377,"10.874,-74.33",98.52040762395109,253.22872511855633,173.2327889463734,226.48855563684347
