sat_date;fecha;SENSOR;delta_days;lat;lon;latitud;longitud;concentracion;unidades;b2;b3;b4;b5
03/12/2023;04/12/2023 09:59;LANDSAT;1.415972222;10.73208046;-74.42758179;10.73208;-74.42758;0.79;mg/L;0.00361;0.0122175;0.01274;0.0175525
17/07/2019;15/07/2019 11:25;LANDSAT;1.524305556;10.8569603;-74.41130066;10.85696;-74.4113;2;mg/L;0.003885;0.028635;0.0171675;0.0099625
16/12/2022;15/12/2022 09:21;LANDSAT;0.610416667;10.73208046;-74.42758179;10.73208;-74.42758;2.6;mg/L;0.003335;0.00856;0.018735;0.0040225
05/12/2018;03/12/2018 08:50;LANDSAT;1.631944444;10.8740797;-74.33000183;10.87408;-74.33;2.93;mg/L;0.0046;0.008945;0.01549;0.006305
16/12/2022;15/12/2022 08:59;LANDSAT;0.625694444;10.77441025;-74.37545013;10.77441;-74.37545;3.64;mg/L;0.0039675;0.0094125;0.01197;0.0049025
05/12/2018;03/12/2018 09:55;LANDSAT;1.586805556;10.73208046;-74.42758179;10.73208;-74.42758;6;mg/L;0.0146375;0.020605;0.02077;0.016205
16/12/2022;15/12/2022 08:21;LANDSAT;0.652083333;10.8740797;-74.33000183;10.87408;-74.33;7.7;mg/L;0.0056725;0.0106775;0.0148025;0.005645
05/12/2018;03/12/2018 09:57;LANDSAT;1.585416667;10.73208046;-74.42758179;10.73208;-74.42758;9.8;mg/L;0.0146375;0.020605;0.02077;0.016205
05/12/2018;03/12/2018 09:30;LANDSAT;1.604166667;10.77441025;-74.37545013;10.77441;-74.37545;10.4;mg/L;0.0113925;0.0282775;0.0242075;0.0083675
16/12/2022;15/12/2022 10:00;LANDSAT;0.583333333;10.8569603;-74.41130066;10.85696;-74.4113;11.3;mg/L;0.01483;0.0335575;0.0251425;0.00526
05/12/2018;03/12/2018 08:51;LANDSAT;1.63125;10.8740797;-74.33000183;10.87408;-74.33;11.5;mg/L;0.0046;0.008945;0.01549;0.006305
14/07/2018;16/07/2018 10:50;LANDSAT;2.451388889;10.8569603;-74.41130066;10.85696;-74.4113;11.6;mg/L;0.027645;0.0419175;0.0281675;0.0151325
06/07/2021;06/07/2021 11:08;LANDSAT;0.463888889;10.8569603;-74.41130066;10.85696;-74.4113;12.4;mg/L;0.0079275;0.0300925;0.01736;0.005865
19/11/2024;19/11/2024 11:14;LANDSAT;0.468055556;10.8569603;-74.41130066;10.85696;-74.4113;14.2;mg/L;0.0091375;0.01879;0.0155725;0.004655
12/06/2018;12/06/2018 10:30;LANDSAT;0.4375;10.8569603;-74.41130066;10.85696;-74.4113;14.3;mg/L;0.003115;0.01483;0.0333375;0.0274525
03/12/2023;04/12/2023 09:40;LANDSAT;1.402777778;10.77441025;-74.37545013;10.77441;-74.37545;15;mg/L;0.01494;0.030285;0.0250875;0.015325
12/06/2018;12/06/2018 09:30;LANDSAT;0.395833333;10.77441025;-74.37545013;10.77441;-74.37545;15.8;mg/L;0.0087525;0.0245925;0.0134825;0.007955
06/03/2023;07/03/2023 10:05;LANDSAT;1.420138889;10.8569603;-74.41130066;10.85696;-74.4113;16.2;mg/L;0.02473;0.0479675;0.0446125;0.01516
05/12/2018;03/12/2018 09:31;LANDSAT;1.603472222;10.77441025;-74.37545013;10.77441;-74.37545;17.7;mg/L;0.0204675;0.0335025;0.0288275;0.01186
05/12/2018;03/12/2018 10:42;LANDSAT;1.554166667;10.8569603;-74.41130066;10.85696;-74.4113;19.4;mg/L;0.02198;0.04002;0.02649;0.0091925
05/12/2018;03/12/2018 10:40;LANDSAT;1.555555556;10.8569603;-74.41130066;10.85696;-74.4113;19.8;mg/L;0.02198;0.04002;0.02649;0.0091925
03/12/2023;04/12/2023 08:59;LANDSAT;1.374305556;10.8740797;-74.33000183;10.87408;-74.33;20.3;mg/L;0.0032525;0.0094125;0.016865;0.0100175
04/04/2022;04/04/2022 09:28;LANDSAT;0.394444444;10.77441025;-74.37545013;10.77441;-74.37545;23.1;mg/L;0.0198625;0.05267;0.0378475;0.00867
12/06/2018;12/06/2018 09:50;LANDSAT;0.409722222;10.73208046;-74.42758179;10.73208;-74.42758;25.6;mg/L;0.02121;0.0392775;0.0162875;0.0135375
14/05/2019;13/05/2019 11:15;LANDSAT;0.53125;10.8569603;-74.41130066;10.85696;-74.4113;26.1;mg/L;0.02;0.0273425;0.0393875;0.0397725
04/04/2022;04/04/2022 11:17;LANDSAT;0.470138889;10.8569603;-74.41130066;10.85696;-74.4113;27.8;mg/L;0.0125475;0.037655;0.0287175;0.02726
26/02/2020;25/02/2020 08:56;LANDSAT;0.627777778;10.8740797;-74.33000183;10.87408;-74.33;28.2;mg/L;0.0187075;0.03595;0.0260225;0.0327875
26/02/2020;25/02/2020 10:22;LANDSAT;0.568055556;10.73208046;-74.42758179;10.73208;-74.42758;28.6;mg/L;0.007515;0.033365;0.023355;0.0222
09/08/2016;08/08/2016 14:40;LANDSAT;0.388888889;10.73208046;-74.42758179;10.73208;-74.42758;31;mg/L;0.00779;0.0078175;0.0451625;0.023465
14/07/2024;15/07/2024 10:47;LANDSAT;1.449305556;10.8569603;-74.41130066;10.85696;-74.4113;31.4;mg/L;0.0183225;0.0301475;0.0440625;0.04222
26/02/2020;25/02/2020 11:02;LANDSAT;0.540277778;10.8569603;-74.41130066;10.85696;-74.4113;32;mg/L;0.02132;0.03925;0.02429;0.0120525
12/06/2018;12/06/2018 08:40;LANDSAT;0.361111111;10.8740797;-74.33000183;10.87408;-74.33;32.5;mg/L;0.0122725;0.024455;0.02297;0.026985
03/12/2023;04/12/2023 10:57;LANDSAT;1.45625;10.8569603;-74.41130066;10.85696;-74.4113;33.3;mg/L;0.0189;0.0333375;0.02297;0.011915
02/10/2024;30/09/2024 08:11;LANDSAT;1.659027778;10.8569603;-74.41130066;10.85696;-74.4113;36.2;mg/L;0.0148575;0.0242075;0.03969;0.003335
09/08/2016;08/08/2016 15:47;LANDSAT;0.342361111;10.8740797;-74.33000183;10.87408;-74.33;41.8;mg/L;0.00658;0.0332;0.0238775;0.0244275
21/02/2024;19/02/2024 09:04;LANDSAT;1.622222222;10.8740797;-74.33000183;10.87408;-74.33;42.8;mg/L;0.02759;0.02946;0.03199;0.021045
04/04/2022;04/04/2022 08:24;LANDSAT;0.35;10.8740797;-74.33000183;10.87408;-74.33;44.4;mg/L;0.0107875;0.0550625;0.0390025;0.01901
11/03/2019;11/03/2019 12:20;LANDSAT;0.513888889;10.8569603;-74.41130066;10.85696;-74.4113;45;mg/L;0.02374;0.0508;0.0278925;0.0073775
21/02/2024;19/02/2024 10:42;LANDSAT;1.554166667;10.73208046;-74.42758179;10.73208;-74.42758;46.7;mg/L;0.019175;0.0492875;0.0310825;0.0392225
09/08/2016;08/08/2016 15:45;LANDSAT;0.34375;10.8740797;-74.33000183;10.87408;-74.33;47;mg/L;0.0140875;0.037215;0.02814;0.02781
26/02/2020;25/02/2020 09:46;LANDSAT;0.593055556;10.77441025;-74.37545013;10.77441;-74.37545;47.4;mg/L;0.017525;0.041285;0.0282225;0.02165
15/02/2022;15/02/2022 09:00;LANDSAT;0.375;10.77441025;-74.37545013;10.77441;-74.37545;48.4;mg/L;0.0064425;0.0418075;0.03133;0.0236025
15/02/2022;15/02/2022 10:09;LANDSAT;0.422916667;10.8569603;-74.41130066;10.85696;-74.4113;52;mg/L;0.0173325;0.0399925;0.041835;0.0293775
04/04/2022;04/04/2022 11:19;LANDSAT;0.471527778;10.8569603;-74.41130066;10.85696;-74.4113;55;mg/L;0.0125475;0.037655;0.0287175;0.02726
15/02/2022;15/02/2022 09:29;LANDSAT;0.395138889;10.73208046;-74.42758179;10.73208;-74.42758;62.4;mg/L;0.00988;0.0341075;0.0313025;0.02539
26/02/2020;25/02/2020 09:44;LANDSAT;0.594444444;10.77441025;-74.37545013;10.77441;-74.37545;63.1;mg/L;0.0106225;0.0365825;0.02253;0.016205
15/02/2022;15/02/2022 10:12;LANDSAT;0.425;10.8569603;-74.41130066;10.85696;-74.4113;63.6;mg/L;0.0173325;0.0399925;0.041835;0.0293775
09/08/2016;08/08/2016 14:42;LANDSAT;0.3875;10.73208046;-74.42758179;10.73208;-74.42758;64.7;mg/L;0.03529;0.0353175;0.0451625;0.050965
27/01/2015;26/01/2015 12:16;LANDSAT;0.488888889;10.8569603;-74.41130066;10.85696;-74.4113;66;mg/L;0.03078;0.0421375;0.0327875;0.02121
04/04/2022;01/04/2022 03:50;LANDSAT;2.840277778;10.8569603;-74.41130066;10.85696;-74.4113;66;mg/L;0.0290475;0.037655;0.0287175;0.02451
15/02/2022;15/02/2022 08:07;LANDSAT;0.338194444;10.8740797;-74.33000183;10.87408;-74.33;66.1;mg/L;0.028525;0.043155;0.03452;0.027865
22/01/2019;21/01/2019 13:00;LANDSAT;0.458333333;10.8569603;-74.41130066;10.85696;-74.4113;75.3;mg/L;0.0310825;0.04222;0.0414775;0.0159575
26/02/2020;25/02/2020 08:59;LANDSAT;0.625694444;10.8740797;-74.33000183;10.87408;-74.33;75.8;mg/L;0.03089;0.0561075;0.04805;0.0287725
26/02/2020;25/02/2020 11:04;LANDSAT;0.538888889;10.8569603;-74.41130066;10.85696;-74.4113;78.9;mg/L;0.02132;0.03925;0.02429;0.0120525
21/02/2024;19/02/2024 10:09;LANDSAT;1.577083333;10.77441025;-74.37545013;10.77441;-74.37545;80.2;mg/L;0.01505;0.042935;0.0236025;0.0449975
21/02/2024;19/02/2024 11:36;LANDSAT;1.516666667;10.8569603;-74.41130066;10.85696;-74.4113;82.9;mg/L;0.0275075;0.0242075;0.045135;0.0227225
26/02/2020;25/02/2020 10:24;LANDSAT;0.566666667;10.73208046;-74.42758179;10.73208;-74.42758;87.1;mg/L;0.018515;0.033365;0.023355;0.0222
16/01/2017;16/01/2017 14:15;LANDSAT;0.59375;10.8569603;-74.41130066;10.85696;-74.4113;89.9;mg/L;0.02418;0.043375;0.0287725;0.01274
15/02/2022;15/02/2022 09:05;LANDSAT;0.378472222;10.77441025;-74.37545013;10.77441;-74.37545;96.1;mg/L;0.0094125;0.0432925;0.0328975;0.0248675
05/03/2017;06/03/2017 13:45;LANDSAT;1.572916667;10.8569603;-74.41130066;10.85696;-74.4113;104.5;mg/L;0.0119425;0.04629;0.0270675;0.03309
09/08/2016;08/08/2016 15:15;LANDSAT;0.364583333;10.77441025;-74.37545013;10.77441;-74.37545;105;mg/L;0.0089725;0.03518;0.0470875;0.021265
15/02/2022;15/02/2022 08:10;LANDSAT;0.340277778;10.8740797;-74.33000183;10.87408;-74.33;113;mg/L;0.013675;0.0447225;0.0366375;0.03012
15/02/2016;15/02/2016 14:55;LANDSAT;0.621527778;10.8569603;-74.41130066;10.85696;-74.4113;118;mg/L;0.0231075;0.0472525;0.0303125;0.0180475
09/08/2016;08/08/2016 15:17;LANDSAT;0.363194444;10.77441025;-74.37545013;10.77441;-74.37545;130;mg/L;0.0195325;0.0353175;0.02011;0.02253
09/08/2016;08/08/2016 13:20;LANDSAT;0.444444444;10.8569603;-74.41130066;10.85696;-74.4113;136;mg/L;0.0167825;0.0369675;0.0479125;0.0229425
04/04/2022;04/04/2022 09:30;LANDSAT;0.395833333;10.77441025;-74.37545013;10.77441;-74.37545;138;mg/L;0.039745;0.0493975;0.0616625;0.060975
09/08/2016;08/08/2016 13:22;LANDSAT;0.443055556;10.8569603;-74.41130066;10.85696;-74.4113;146;mg/L;0.0233825;0.0369675;0.0479125;0.0229425
04/04/2022;04/04/2022 10:01;LANDSAT;0.417361111;10.73208046;-74.42758179;10.73208;-74.42758;149;mg/L;0.02308;0.0449425;0.04684;0.0360325
15/02/2016;15/02/2016 15:22;LANDSAT;0.640277778;10.8740797;-74.33000183;10.87408;-74.33;157;mg/L;0.02803;0.0473075;0.0471425;0.0349875
15/02/2016;15/02/2016 15:25;LANDSAT;0.642361111;10.8740797;-74.33000183;10.87408;-74.33;159;mg/L;0.0424125;0.0418075;0.0594625;0.032705
09/05/2023;09/05/2023 10:10;LANDSAT;0.423611111;10.8569603;-74.41130066;10.85696;-74.4113;168;mg/L;0.04431;0.048765;0.0555025;0.056355
16/03/2015;16/03/2015 14:30;LANDSAT;0.604166667;10.8569603;-74.41130066;10.85696;-74.4113;224;mg/L;0.047445;0.0641925;0.06851;0.0636425
15/02/2016;15/02/2016 14:59;LANDSAT;0.624305556;10.8569603;-74.41130066;10.85696;-74.4113;231;mg/L;0.0533575;0.0747525;0.0633125;0.0730475
04/04/2022;04/04/2022 08:26;LANDSAT;0.351388889;10.8740797;-74.33000183;10.87408;-74.33;232;mg/L;0.0585275;0.06884;0.071205;0.072855
