id_estacion;SENSOR;latitud;longitud;fecha;sat_date;delta_days;concentracion;unidades;SR_B2;SR_B3;SR_B4;SR_B5
17527;SENTINEL;10.833;-74.57445;25/06/2025 13:01;24/06/2025;1.542361111;1.08;mg/L;0.093;0.0875;0.0658;0.1606
17527;SENTINEL;10.833;BADLON;12/08/2025;12/08/2025;0.454861111;1.2;mg/L;0.0193;0.0299;0.02;0.1028
57927;SENTINEL;10.84175;BADLON;17/09/2025;17/09/2025;0.496527778;1.6;mg/L;0.4672;0.4352;0.43;0.372
17524;SENTINEL;10.82579;BADLON;27/01/2025;27/01/2025;0.542361111;1.63;mg/L;0.0708;0.0952;0.101;0.0486
17527;SENTINEL;10.833;-74.57445;09/12/2025 11:37;08/12/2025;1.484027778;1.82;mg/L;0.0372;0.0586;0.0367;0.1724
17524;SENTINEL;10.82579;-74.59268;25/06/2025 12:37;24/06/2025;1.525694444;2.08;mg/L;0.0583;0.0809;0.0802;0.1288
57925;SENTINEL;10.8405;-74.51031;09/12/2025 10:56;08/12/2025;1.455555556;4.93;mg/L;0.033;0.0476;0.0377;0.0662
17527;SENTINEL;10.833;-74.57445;19/11/2024 12:07;18/11/2024;1.504861111;5.8;mg/L;0.0724;0.0919;0.0703;0.0152
57926;SENTINEL;10.82929;-74.57487;25/06/2025 12:21;24/06/2025;1.514583333;6.44;mg/L;0.0368;0.042;0.0494;0.0606
57926;SENTINEL;10.82929;-74.57487;19/11/2024 12:15;18/11/2024;1.510416667;7.2;mg/L;0.0872;0.1132;0.095;0.0976
57925;SENTINEL;10.8405;-74.51031;19/11/2024 11:46;18/11/2024;1.490277778;7.84;mg/L;0.0454;0.0442;0.0463;0.0521
17527;SENTINEL;10.833;BADLON;27/01/2025;27/01/2025;0.51875;8;mg/L;0.0307;0.0382;0.0261;0.0188
57925;SENTINEL;10.8405;BADLON;17/09/2025;17/09/2025;0.480555556;8.93;mg/L;0.0684;0.0799;0.0677;0.0379
17527;SENTINEL;10.833;BADLON;27/01/2026;27/01/2026;0.506944444;9.6;mg/L;0.0384;0.0838;0.0495;0.3664
57926;SENTINEL;10.82929;BADLON;12/08/2025;12/08/2025;0.463888889;9.88;mg/L;0.045;0.072;0.0654;0.0612
57927;SENTINEL;10.84175;-74.54596;19/11/2024 12:00;18/11/2024;1.5;9.97;mg/L;0.0496;0.065;0.0479;0.0125
17523;SENTINEL;10.84438;BADLON;17/09/2025;17/09/2025;0.488888889;10.1;mg/L;0.1814;0.1772;0.1566;0.1542
17523;SENTINEL;10.84438;-74.50986;19/11/2024 11:42;18/11/2024;1.4875;10.5;mg/L;0.0512;0.0636;0.0508;0.013
57926;SENTINEL;10.82929;-74.57487;09/12/2025 11:47;08/12/2025;1.490972222;10.6;mg/L;0.0822;0.1006;0.0854;0.1019
57926;SENTINEL;10.82929;BADLON;27/01/2026;27/01/2026;0.494444444;12.3;mg/L;0.099;0.1148;0.112;0.1104
57926;SENTINEL;10.82929;BADLON;17/09/2025;17/09/2025;0.516666667;12.3;mg/L;0.0841;0.0832;0.0987;0.0678
17523;SENTINEL;10.84438;BADLON;12/08/2025;12/08/2025;0.401388889;12.8;mg/L;0.0494;0.0814;0.0628;0.0146
17523;SENTINEL;10.84438;BADLON;27/01/2026;27/01/2026;0.458333333;14.2;mg/L;0.0423;0.0508;0.0397;0.0398
17523;SENTINEL;10.84438;-74.50986;09/12/2025 11:09;08/12/2025;1.464583333;16.2;mg/L;0.0682;0.0896;0.0881;0.0394
17527;SENTINEL;10.833;-74.57445;06/09/2022 12:12;05/09/2022;1.508333333;16.3;mg/L;0.1148;0.1332;0.1182;0.0812
57927;SENTINEL;10.84175;BADLON;12/08/2025;12/08/2025;0.423611111;16.6;mg/L;0.0344;0.0558;0.0506;0.0142
17527;SENTINEL;10.833;BADLON;17/09/2025;17/09/2025;0.522916667;18;mg/L;0.1244;0.1266;0.1172;0.2242
17527;SENTINEL;10.833;BADLON;05/09/2023;05/09/2023;0.469444444;19.4;mg/L;0.055;0.0756;0.0705;0.0196
57926;SENTINEL;10.82929;BADLON;20/05/2024;20/05/2024;0.457638889;20.8;mg/L;0.0468;0.0646;0.0691;0.0596
17523;SENTINEL;10.84438;BADLON;03/12/2018;03/12/2018;0.465277778;21.1;mg/L;0.0481;0.0739;0.0593;0.0192
17527;SENTINEL;10.833;BADLON;03/12/2018;03/12/2018;0.479166667;23.3;mg/L;0.0611;0.0902;0.0974;0.0314
17523;SENTINEL;10.84438;BADLON;03/12/2018;03/12/2018;0.465972222;23.6;mg/L;0.0481;0.0739;0.0593;0.0192
57926;SENTINEL;10.82929;-74.57487;17/03/2025 12:50;16/03/2025;1.534722222;24.6;mg/L;0.0876;0.1034;0.0962;0.0889
17527;SENTINEL;10.833;-74.57445;19/03/2024 13:45;18/03/2024;1.572916667;24.7;mg/L;0.0551;0.08;0.057;0.0299
17527;SENTINEL;10.833;BADLON;03/10/2022;03/10/2022;0.456944444;25.6;mg/L;0.0896;0.1208;0.1202;0.0614
17523;SENTINEL;10.84438;BADLON;03/10/2022;03/10/2022;0.447916667;26.7;mg/L;0.0538;0.0733;0.067;0.0239
57925;SENTINEL;10.8405;BADLON;27/01/2026;27/01/2026;0.465277778;26.7;mg/L;0.0654;0.0769;0.073;0.056
57927;SENTINEL;10.84175;BADLON;20/05/2024;20/05/2024;0.441666667;27.7;mg/L;0.0294;0.05;0.0347;0.0196
17523;SENTINEL;10.84438;BADLON;27/01/2022;26/01/2022;1.430555556;27.7;mg/L;0.0588;0.0857;0.0745;0.036
17524;SENTINEL;10.82579;-74.59268;06/09/2022 12:26;05/09/2022;1.518055556;27.7;mg/L;0.1434;0.1588;0.1428;0.1292
17523;SENTINEL;10.84438;-74.50986;06/09/2022 11:48;05/09/2022;1.491666667;28.5;mg/L;0.106;0.1268;0.117;0.0994
57925;SENTINEL;10.8405;BADLON;12/08/2025;12/08/2025;0.409027778;28.8;mg/L;0.0542;0.0582;0.0584;0.038
17527;SENTINEL;10.833;BADLON;15/04/2024;15/04/2024;0.482638889;30.2;mg/L;0.288;0.334;0.3356;0.3088
17527;SENTINEL;10.833;BADLON;10/10/2023;10/10/2023;0.452083333;32.3;mg/L;0.0785;0.0988;0.0864;0.0118
17524;SENTINEL;10.82579;-74.59268;19/11/2024 12:28;18/11/2024;1.519444444;32.4;mg/L;0.0934;0.119;0.133;0.078
57927;SENTINEL;10.84175;BADLON;27/01/2025;27/01/2025;0.507638889;32.8;mg/L;0.0608;0.087;0.0818;0.0393
17524;SENTINEL;10.82579;BADLON;15/04/2024;15/04/2024;0.500694444;37.2;mg/L;0.2818;0.3264;0.3396;0.298
17523;SENTINEL;10.84438;BADLON;16/09/2019;16/09/2019;0.509027778;37.9;mg/L;0.0669;0.0584;0.0522;0.0505
17523;SENTINEL;10.84438;-74.50986;24/05/2021 10:44;26/05/2021;1.552777778;38.3;mg/L;0.0743;0.1003;0.0829;0.0277
17523;SENTINEL;10.84438;BADLON;06/07/2021;07/07/2021;0.520138889;39.8;mg/L;0.0661;0.0949;0.0879;0.0375
17523;SENTINEL;10.84438;BADLON;27/01/2025;27/01/2025;0.486111111;39.9;mg/L;0.0546;0.0766;0.0763;0.0346
17527;SENTINEL;10.833;-74.57445;12/04/2023 12:08;11/04/2023;1.505555556;41.2;mg/L;0.7408;0.6452;0.6108;0.606
57926;SENTINEL;10.82929;BADLON;15/04/2024;15/04/2024;0.492361111;42;mg/L;0.0586;0.0602;0.0732;0.0702
17527;SENTINEL;10.833;BADLON;20/05/2024;20/05/2024;0.450694444;42.3;mg/L;0.1706;0.1986;0.1924;0.1472
17523;SENTINEL;10.84438;BADLON;05/09/2023;05/09/2023;0.459722222;42.5;mg/L;0.0375;0.061;0.0404;0.0292
57926;SENTINEL;10.82929;BADLON;27/01/2025;27/01/2025;0.527083333;42.9;mg/L;0.0828;0.088;0.0874;0.0742
17527;SENTINEL;10.833;BADLON;03/12/2018;03/12/2018;0.479861111;43.4;mg/L;0.0611;0.0902;0.0974;0.0314
17524;SENTINEL;10.82579;BADLON;05/09/2023;05/09/2023;0.477083333;43.8;mg/L;0.0676;0.0939;0.105;0.0411
57927;SENTINEL;10.84175;BADLON;15/04/2024;15/04/2024;0.472222222;45.2;mg/L;0.0534;0.0843;0.0674;0.0367
17523;SENTINEL;10.84438;-74.50986;17/03/2025 11:34;16/03/2025;1.481944444;45.4;mg/L;0.077;0.0976;0.0616;0.0081
17524;SENTINEL;10.82579;-74.59268;09/12/2025 12:13;08/12/2025;1.509027778;50.6;mg/L;0.0664;0.0863;0.0852;0.132
17527;SENTINEL;10.833;-74.57445;11/03/2019 13:50;10/03/2019;1.576388889;50.8;mg/L;0.0548;0.0835;0.0609;0.0459
17527;SENTINEL;10.833;-74.57445;06/07/2021 11:51;05/07/2021;1.49375;51.5;mg/L;0.1598;0.1808;0.1772;0.1188
17527;SENTINEL;10.833;-74.57445;25/01/2023 12:00;23/01/2023;2.5;52.1;mg/L;0.1854;0.2052;0.1886;0.194
17527;SENTINEL;10.833;BADLON;12/02/2018;13/02/2018;0.482638889;53.8;mg/L;0.08;0.1;0.1016;0.0658
17523;SENTINEL;10.84438;BADLON;02/08/2021;01/08/2021;1.432638889;53.8;mg/L;0.0566;0.0891;0.0831;0.0277
17523;SENTINEL;10.84438;BADLON;09/03/2020;09/03/2020;0.536805556;55.1;mg/L;0.0513;0.0762;0.0546;0.0252
17523;SENTINEL;10.84438;BADLON;18/02/2019;18/02/2019;0.482638889;56.8;mg/L;0.1342;0.1514;0.1288;0.1054
17523;SENTINEL;10.84438;-74.50986;02/08/2021 10:25;01/08/2021;1.434027778;59.2;mg/L;0.0566;0.0891;0.0831;0.0277
17523;SENTINEL;10.84438;BADLON;22/03/2022;22/03/2022;0.455555556;59.7;mg/L;0.0626;0.079;0.0666;0.0516
17523;SENTINEL;10.84438;BADLON;10/10/2023;10/10/2023;0.439583333;60.1;mg/L;0.0449;0.0667;0.0447;0.0362
17527;SENTINEL;10.833;-74.57445;24/05/2021 11:05;26/05/2021;1.538194444;60.4;mg/L;0.1892;0.209;0.2178;0.1292
17527;SENTINEL;10.833;-74.57445;02/08/2021 10:52;01/08/2021;1.452777778;60.9;mg/L;0.0697;0.1094;0.1142;0.0489
57926;SENTINEL;10.82929;-74.57487;19/03/2024 14:04;18/03/2024;1.586111111;61.6;mg/L;0.0891;0.0947;0.0888;0.0926
17527;SENTINEL;10.833;BADLON;18/02/2019;18/02/2019;0.517361111;61.8;mg/L;0.1013;0.1178;0.0928;0.069
17527;SENTINEL;10.833;BADLON;23/01/2024;23/01/2024;0.477083333;63.2;mg/L;0.0703;0.0904;0.0885;0.0472
17527;SENTINEL;10.833;-74.57445;09/05/2023 11:05;08/05/2023;1.461805556;63.8;mg/L;0.0733;0.091;0.094;0.0541
57927;SENTINEL;10.84175;-74.54596;19/03/2024 13:34;18/03/2024;1.565277778;64.1;mg/L;0.0738;0.0922;0.0728;0.0472
57925;SENTINEL;10.8405;BADLON;27/01/2025;27/01/2025;0.497916667;64.6;mg/L;0.0592;0.0778;0.0749;0.0484
17527;SENTINEL;10.833;-74.57445;27/01/2022 10:45;26/01/2022;1.447916667;65.3;mg/L;0.0619;0.087;0.0834;0.0354
17524;SENTINEL;10.82579;BADLON;03/10/2022;03/10/2022;0.465972222;65.7;mg/L;0.0563;0.0766;0.0824;0.0293
17523;SENTINEL;10.84438;BADLON;12/02/2018;13/02/2018;0.517361111;67.1;mg/L;0.0599;0.085;0.0762;0.044
17523;SENTINEL;10.84438;-74.50986;09/05/2023 10:49;08/05/2023;1.450694444;67.2;mg/L;0.0686;0.089;0.0785;0.0408
17527;SENTINEL;10.833;BADLON;16/09/2019;16/09/2019;0.525;67.4;mg/L;0.096;0.1136;0.1102;0.0647
17524;SENTINEL;10.82579;-74.59268;09/05/2023 11:13;08/05/2023;1.467361111;69;mg/L;0.067;0.0897;0.0872;0.0346
17524;SENTINEL;10.82579;-74.59268;06/07/2021 12:00;05/07/2021;1.5;69.8;mg/L;0.0794;0.111;0.1158;0.0529
17523;SENTINEL;10.84438;BADLON;20/05/2024;20/05/2024;0.434027778;70.1;mg/L;0.0262;0.0582;0.0324;0.0171
17527;SENTINEL;10.833;BADLON;09/03/2020;09/03/2020;0.550694444;71.6;mg/L;0.0602;0.0891;0.0754;0.0482
17524;SENTINEL;10.82579;BADLON;21/02/2023;22/02/2023;0.505555556;71.9;mg/L;0.0696;0.0891;0.0954;0.0498
17523;SENTINEL;10.84438;-74.50986;11/03/2019 13:30;10/03/2019;1.5625;75.3;mg/L;0.0451;0.0786;0.0487;0.023
17527;SENTINEL;10.833;-74.57445;02/08/2021 10:55;01/08/2021;1.454861111;76.6;mg/L;0.069;0.1096;0.1144;0.0483
57925;SENTINEL;10.8405;BADLON;20/05/2024;20/05/2024;0.429166667;78.2;mg/L;0.0404;0.055;0.0428;0.0382
17523;SENTINEL;10.84438;BADLON;23/01/2024;23/01/2024;0.465972222;81.3;mg/L;0.0525;0.0723;0.0554;0.0374
17523;SENTINEL;10.84438;-74.50986;25/01/2023 11:43;23/01/2023;2.488194444;82.9;mg/L;0.2054;0.2054;0.2024;0.2374
17527;SENTINEL;10.833;-74.57445;06/03/2017 12:45;05/03/2017;1.53125;83.3;mg/L;0.0501;0.0822;0.0598;0.04
17523;SENTINEL;10.84438;BADLON;21/02/2023;22/02/2023;0.526388889;83.6;mg/L;0.0615;0.0852;0.0818;0.0482
17523;SENTINEL;10.84438;-74.50986;19/03/2024 12:50;18/03/2024;1.534722222;89.2;mg/L;0.066;0.0897;0.0652;0.0403
17524;SENTINEL;10.82579;BADLON;20/05/2024;20/05/2024;0.463194444;90.4;mg/L;0.1702;0.205;0.2198;0.1544
17524;SENTINEL;10.82579;BADLON;07/03/2023;07/03/2023;0.456944444;90.9;mg/L;0.2026;0.2216;0.2142;0.1614
17523;SENTINEL;10.84438;BADLON;07/03/2023;07/03/2023;0.438888889;92.8;mg/L;0.158;0.191;0.1748;0.1154
17524;SENTINEL;10.82579;BADLON;23/01/2024;23/01/2024;0.490972222;92.9;mg/L;0.0679;0.089;0.0918;0.0496
17527;SENTINEL;10.833;-74.57445;04/04/2022 12:21;03/04/2022;1.514583333;93.1;mg/L;0.1438;0.154;0.1318;0.0888
17527;SENTINEL;10.833;BADLON;18/02/2019;18/02/2019;0.506944444;93.9;mg/L;0.1013;0.1178;0.0928;0.069
17524;SENTINEL;10.82579;-74.59268;12/04/2023 12:17;11/04/2023;1.511805556;94.2;mg/L;0.6248;0.5864;0.5304;0.5528
17523;SENTINEL;10.84438;-74.50986;12/04/2023 11:53;11/04/2023;1.495138889;94.7;mg/L;0.588;0.5708;0.5088;0.5072
17523;SENTINEL;10.84438;-74.50986;06/03/2017 13:10;05/03/2017;1.548611111;97.1;mg/L;0.0304;0.0684;0.0384;0.026
17527;SENTINEL;10.833;BADLON;21/02/2023;22/02/2023;0.515277778;98.2;mg/L;0.0681;0.0913;0.0881;0.0507
17527;SENTINEL;10.833;BADLON;07/03/2023;07/03/2023;0.45;103;mg/L;0.146;0.1642;0.1378;0.0982
17523;SENTINEL;10.84438;-74.50986;04/04/2022 11:58;03/04/2022;1.498611111;104;mg/L;0.1088;0.1226;0.102;0.0758
17527;SENTINEL;10.833;BADLON;22/03/2022;22/03/2022;0.465277778;108;mg/L;0.1692;0.2026;0.2264;0.1826
57925;SENTINEL;10.8405;-74.51031;19/03/2024 13:12;18/03/2024;1.55;116;mg/L;0.0583;0.0832;0.0694;0.043
17524;SENTINEL;10.82579;-74.59268;02/08/2021 11:00;01/08/2021;1.458333333;119;mg/L;0.0749;0.1162;0.1262;0.0579
17524;SENTINEL;10.82579;BADLON;12/02/2018;13/02/2018;0.472222222;123;mg/L;0.0692;0.0896;0.0921;0.0558
17524;SENTINEL;10.82579;-74.59268;25/01/2023 12:13;23/01/2023;2.509027778;125;mg/L;0.2546;0.2636;0.2392;0.2996
17524;SENTINEL;10.82579;-74.59268;27/01/2022 10:51;26/01/2022;1.452083333;133;mg/L;0.0791;0.1112;0.126;0.0604
17524;SENTINEL;10.82579;BADLON;10/10/2023;10/10/2023;0.461111111;136;mg/L;0.1072;0.1376;0.137;0.0645
17524;SENTINEL;10.82579;BADLON;18/02/2019;18/02/2019;0.53125;144;mg/L;0.117;0.13;0.1256;0.0841
17523;SENTINEL;10.84438;-74.50986;04/04/2022 11:59;03/04/2022;1.499305556;144;mg/L;0.1088;0.1226;0.102;0.0758
17524;SENTINEL;10.82579;BADLON;17/09/2025;17/09/2025;0.531944444;153;mg/L;0.1264;0.1542;0.151;0.214
17524;SENTINEL;10.82579;BADLON;16/09/2019;16/09/2019;0.5375;159;mg/L;0.0774;0.1038;0.1058;0.0593
17524;SENTINEL;10.82579;-74.59268;24/05/2021 11:17;26/05/2021;1.529861111;160;mg/L;0.1816;0.1976;0.202;0.1324
17524;SENTINEL;10.82579;BADLON;09/03/2020;09/03/2020;0.569444444;175;mg/L;0.0606;0.0934;0.0774;0.0496
17524;SENTINEL;10.82579;-74.59268;06/03/2017 12:18;05/03/2017;1.5125;188;mg/L;0.0564;0.0897;0.0678;0.0565
17524;SENTINEL;10.82579;-74.59268;19/03/2024 14:31;18/03/2024;1.604861111;192;mg/L;0.076;0.0958;0.0794;0.0406
17527;SENTINEL;10.833;-74.57445;04/04/2022 12:25;03/04/2022;1.517361111;201;mg/L;0.1438;0.154;0.1318;0.0888
17524;SENTINEL;10.82579;BADLON;22/03/2022;22/03/2022;0.472222222;224;mg/L;0.1866;0.2124;0.233;0.1738
17524;SENTINEL;10.82579;BADLON;12/08/2025;12/08/2025;0.485416667;251;mg/L;0.0582;0.0842;0.09;0.0994
17524;SENTINEL;10.82579;-74.59268;11/03/2019 14:05;10/03/2019;1.586805556;276;mg/L;0.0697;0.0888;0.0918;0.0551
17524;SENTINEL;10.82579;BADLON;03/12/2018;03/12/2018;0.493055556;282;mg/L;0.062;0.091;0.1;0.0416
17524;SENTINEL;10.82579;-74.59268;04/04/2022 12:38;03/04/2022;1.526388889;617;mg/L;0.1412;0.147;0.1388;0.1106
